{
    "Version": "2012-10-17",
    "Statement": [
        {
            "Sid": "CREATEPermissionsToInstallSOCA",
            "Effect": "Allow",
            "Action": [
                "aoss:List*",
                "aoss:Create*",
                "aoss:Get*",
                "autoscaling:CreateOrUpdateTags",
                "autoscaling:CreateAutoScalingGroup",
                "autoscaling:DescribeScalingActivities",
                "autoscaling:DescribeAutoScalingGroups",
                "autoscaling:UpdateAutoScalingGroup",
                "acm:GetCertificate",
                "acm:ListCertificates",
                "acm:ImportCertificate",
                "acm:AddTagsToCertificate",
                "SNS:CreateTopic",
                "SNS:GetTopicAttributes",
                "SNS:ListSubscriptionsByTopic",
                "SNS:SetTopicAttributes",
                "SNS:Subscribe",
                "SNS:TagResource",
                "backup-storage:MountCapsule",
                "backup:CreateBackupPlan",
                "backup:CreateBackupSelection",
                "backup:CreateBackupVault",
                "backup:DescribeBackupVault",
                "backup:GetBackupPlan",
                "backup:GetBackupSelection",
                "backup:TagResource",
                "cloudformation:CreateChangeSet",
                "cloudformation:CreateStack",
                "cloudformation:DeleteChangeSet",
                "cloudformation:DescribeChangeSet",
                "cloudformation:DescribeStackEvents",
                "cloudformation:DescribeStacks",
                "cloudformation:ListStacks",
                "cloudformation:ExecuteChangeSet",
                "cloudformation:GetTemplate",
                "cloudformation:UpdateTerminationProtection",
                "cloudwatch:PutMetricAlarm",
                "ds:CreateMicrosoftAD",
                "ds:CreateDirectory",
                "ds:DescribeDirectories",
                "ec2:AllocateAddress",
                "ec2:AssociateAddress",
                "ec2:AssociateRouteTable",
                "ec2:AttachInternetGateway",
                "ec2:AuthorizeSecurityGroupEgress",
                "ec2:AuthorizeSecurityGroupIngress",
                "ec2:CreateFlowLogs",
                "ec2:CreateInternetGateway",
                "ec2:CreateNatGateway",
                "ec2:CreateNetworkInterface",
                "ec2:CreateNetworkInterfacePermission",
                "ec2:CreateRoute",
                "ec2:CreateRouteTable",
                "ec2:CreateSecurityGroup",
                "ec2:CreateSubnet",
                "ec2:CreateTags",
                "ec2:CreateVpc",
                "ec2:CreateVpcEndpoint",
                "ec2:CreateLaunchTemplate",
                "ec2:DescribeAddresses",
                "ec2:DescribeAvailabilityZones",
                "ec2:DescribeFlowLogs",
                "ec2:DescribeInstances",
                "ec2:DescribeInternetGateways",
                "ec2:DescribeKeyPairs",
                "ec2:DescribeNatGateways",
                "ec2:DescribeNetwork*",
                "ec2:DescribeRegions",
                "ec2:DescribeRouteTables",
                "ec2:DescribeSecurityGroups",
                "ec2:DescribeSubnets",
                "ec2:DescribeLaunchTemplateVersions",
                "ec2:DescribeVpcAttribute",
                "ec2:DescribeVpcEndpoints",
                "ec2:DescribeVpcs",
                "ec2:DescribeInstanceTypes",
                "ec2:DescribeLaunchTemplates",
                "ec2:ModifySubnetAttribute",
                "ec2:DescribeAccountAttributes",
                "ec2:ModifyVpcAttribute",
                "ec2:RevokeSecurityGroupEgress",
                "ec2:RunInstances",
                "ecr:CreateRepository",
                "ecr:DescribeRepositories",
                "ecr:PutLifecyclePolicy",
                "ecr:SetRepositoryPolicy",
                "elasticfilesystem:CreateFileSystem",
                "elasticfilesystem:CreateMountTarget",
                "elasticfilesystem:DescribeFileSystems",
                "elasticfilesystem:DescribeMountTargets",
                "elasticfilesystem:PutLifecycleConfiguration",
                "elasticfilesystem:TagResource",
                "elasticloadbalancing:AddTags",
                "elasticloadbalancing:CreateListener",
                "elasticloadbalancing:CreateLoadBalancer",
                "elasticloadbalancing:CreateRule",
                "elasticloadbalancing:CreateTargetGroup",
                "elasticloadbalancing:DeleteTargetGroup",
                "elasticloadbalancing:DescribeListeners",
                "elasticloadbalancing:DescribeLoadBalancers",
                "elasticloadbalancing:DescribeRules",
                "elasticloadbalancing:DescribeTargetGroups",
                "elasticloadbalancing:DescribeTargetHealth",
                "elasticloadbalancing:ModifyLoadBalancerAttributes",
                "elasticloadbalancing:ModifyTargetGroupAttributes",
                "elasticloadbalancing:ModifyRule",
                "elasticloadbalancing:RegisterTargets",
                "es:AddTags",
                "es:CreateDomain",
                "es:DescribeDomain",
                "es:ListTags",
                "elasticache:AddTagsToResource",
                "elasticache:CreateUser",
                "elasticache:CreateUserGroup",
                "elasticache:CreateServerlessCache",
                "elasticache:CreateCacheCluster",
                "elasticache:DescribeUsers",
                "elasticache:DescribeUserGroups",
                "elasticache:DescribeServerlessCaches",
                "elasticache:ModifyUserGroup",
                "elasticache:ModifyServerlessCache",
                "elasticache:ListTagsForResource",
                "fsx:CreateFileSystem",
                "fsx:DescribeFileSystems",
                "fsx:TagResource",
                "iam:AddRoleToInstanceProfile",
                "iam:AttachRolePolicy",
                "iam:CreateInstanceProfile",
                "iam:CreateServiceLinkedRole",
                "iam:CreateRole",
                "iam:GetInstanceProfile",
                "iam:GetRole",
                "iam:GetRolePolicy",
                "iam:ListRoles",
                "iam:PassRole",
                "iam:PutRolePolicy",
                "iam:TagRole",
                "kms:CreateGrant",
                "kms:Decrypt",
                "kms:DescribeKey",
                "kms:GenerateDataKey",
                "kms:RetireGrant",
                "kms:ListAliases",
                "lambda:AddPermission",
                "lambda:CreateFunction",
                "lambda:GetFunction",
                "lambda:InvokeFunction",
                "lambda:TagResource",
                "logs:CreateLogGroup",
                "logs:DescribeLogGroups",
                "logs:PutRetentionPolicy",
                "route53resolver:AssociateResolverEndpointIpAddress",
                "route53resolver:AssociateResolverRule",
                "route53resolver:CreateResolverEndpoint",
                "route53resolver:CreateResolverRule",
                "route53resolver:GetResolverEndpoint",
                "route53resolver:GetResolverRule",
                "route53resolver:GetResolverRuleAssociation",
                "route53resolver:PutResolverRulePolicy",
                "route53resolver:TagResource",
                "route53resolver:ListTagsForResource",
                "s3:*Object",
                "s3:GetBucketLocation",
                "s3:ListBucket",
                "secretsmanager:CreateSecret",
                "secretsmanager:TagResource",
                "secretsmanager:GetRandomPassword",
                "secretsmanager:GetSecretValue",
                "ssm:AddTagsToResource",
                "ssm:PutParameter",
                "ssm:GetParameter*",
                "sts:DecodeAuthorizationMessage",
                "sts:GetCallerIdentity"
            ],
            "Resource": "*"
        },
        {
            "Sid": "CDKSPermissionsforS3",
            "Action": [
                "s3:PutEncryptionConfiguration",
                "s3:PutBucketPublicAccessBlock",
                "s3:PutBucketPolicy",
                "s3:CreateBucket",
                "s3:DeleteBucketPolicy",
                "s3:DeleteBucket",
                "s3:GetBucketPolicy",
                "s3:PutBucketVersioning",
                "s3:PutLifecycleConfiguration"
            ],
            "Effect": "Allow",
            "Resource": [
                "arn:aws:s3:::cdk-*"
            ]
        }
    ]
}